{"skin_modify":"handy","settings-jquery_enable":"off","settings-jquery_trigger":"hover-intent","settings-jquery_animation":"fade","settings-jquery_easings":"easeInOutQuint","settings-jquery_animation_time":"300","settings-responsive_enable":"on","settings-responsive_enable_desktops":"on","settings_responsive_start_width":"767px","settings-responsive_text":"Menu","settings-sticky_enable":"on","settings-sticky_mobile_enable":"off","settings-theme_implement":"on","settings_modern_search":"off","settings_rwd_search_form_display":"off","posts_img_effect":"float","latest_posts_view_all":"off","logo_enable":"off","logo_src":"","logo_retina_src":"","title-padding_top":"0px","title-padding_left":"0px","title-padding_right":"0px","rwd_logo_enable":"off","rwd_logo_src":"","rwd_logo_retina_src":"","rwd_logo_padding_top":"0px","rwd_logo_padding_left":"0px","rwd_logo_padding_right":"0px","menu-layout":"boxed_layout","menu_z_index":"300","menu_width":"100%","menu_height":"50px","menu_bg_bg_color":"#565656","menu_bg_bg_repeat":"background-repeat","menu_bg_bg_attachment":"background-attachment","menu_bg_bg_position":"background-position","menu_bg_bg_image":"","menu_bg_gradient_from":"transparent","menu_bg_gradient_to":"transparent","menu_bg_gradient_dir":"top","menu_border_top_size":"0px","menu_border_top_color":"#111111","menu_border_right_size":"0px","menu_border_right_color":"#111111","menu_border_bottom_size":"0px","menu_border_bottom_color":"#111111","menu_border_left_size":"0px","menu_border_left_color":"#111111","menu_boxshadow_distance":"0px","menu_boxshadow_blur":"0px","menu_boxshadow_color":"rgba(0,0,0,0)","menu_borderradius_top_left":"0px","menu_borderradius_top_right":"0px","menu_borderradius_bottom_right":"0px","menu_borderradius_bottom_left":"0px","top_level_font_font_size":"15","top_level_font_font_family":"'Roboto' , sans-serif","top_level_font_font_family_style":"font-style:normal;","top_level_font_font_color":"#ffffff","top_level_links_color_hover":"#ffffff","top_level_bg_hover":"#c2d44e","top_level_padding_top":"8px","top_level_padding_left":"6px","top_level_padding_right":"20px","top-links-border_color":"transparent","top_level_desc_font_font_size":"12","top_level_desc_font_font_family":"Arial , sans-serif","top_level_desc_font_font_family_style":"font-style:normal;","top_level_desc_font_font_color":"#c9c9c9","top_level_desc_color_hover":"#ffffff","top_level_desc_padding_top":"5px","top-links-arrow_width":"17px","top-links-arrow_color":"#ffffff","top-links-arrow_color_hover":"#ffffff","top-links-arrow_position_right":"7px","top-links-arrow_position_top":"10px","top-links-current_color":"#ffffff","top-links-current_bg":"#c2d44e","top-links-current_arrow_color":"#ffffff","submenu_current_link_color":"#646565","submenu_current_link_bg":"#f4f4f4","submenu_current_link_arrow_color":"#000000","submenu-bg_bg_color":"#ebebeb","submenu-bg_bg_repeat":"background-repeat","submenu-bg_bg_attachment":"background-attachment","submenu-bg_bg_position":"background-position","submenu-bg_bg_image":"","submenu-bg-gradient_from":"transparent","submenu-bg-gradient_to":"transparent","submenu-bg-gradient_dir":"top","submenu-border-top_size":"0px","submenu-border-top_color":"#ececec","submenu-border-right_size":"0px","submenu-border-right_color":"#ececec","submenu-border-bottom_size":"0px","submenu-border-bottom_color":"#ececec","submenu-border-left_size":"0px","submenu-border-left_color":"#ececec","submenu-boxshadow_distance":"0px","submenu-boxshadow_blur":"0px","submenu-boxshadow_color":"rgba( 0,0,0,0)","submenu-borderradius_top_left":"0px","submenu-borderradius_top_right":"0px","submenu-borderradius_bottom_right":"0px","submenu-borderradius_bottom_left":"0px","submenu-posts-post_width":"209px","submenu-posts-post_height":"160px","submenu-posts-post_margin_top":"15px","submenu-posts-post_margin_right":"0px","submenu-posts-post_margin_bottom":"15px","submenu-posts-post_margin_left":"15px","submenu-posts-post_link_font_font_size":"13","submenu-posts-post_link_font_font_family":"'Open Sans' , sans-serif","submenu-posts-post_link_font_font_family_style":"font-style:normal;","submenu-posts-post_link_font_font_color":"#484747","latest_posts_link_bg_color":"#ffffff","submenu-posts-post_link_color_hover":"#c2d44e","submenu-posts-post_link_padding_top":"10px","submenu-posts-post_link_padding_right":"10px","submenu-posts-post_link_padding_bottom":"10px","submenu-posts-post_link_padding_left":"10px","latest_posts_view_all_color":"#484747","latest_posts_view_all_bg":"#ffffff","latest_posts_view_all_color_hover":"#ffffff","latest_posts_view_all_bg_hover":"#c2d44e","submenu-megaposts-cat_link_padding_top":"10px","submenu-megaposts-cat_link_padding_right":"0px","submenu-megaposts-cat_link_padding_bottom":"10px","submenu-megaposts-cat_link_padding_left":"20px","submenu-megaposts-cat_link_font_font_size":"15","submenu-megaposts-cat_link_font_font_family":"'Open Sans' , sans-serif","submenu-megaposts-cat_link_font_font_family_style":"font-style:normal;","submenu-megaposts-cat_link_font_font_color":"#646565","submenu-megaposts-cat_link_bg_color":"transparent","submenu-megaposts-cat_link_color_hover":"#ffffff","submenu-megaposts-cat_link_bg_color_hover":"#c2d44e","submenu-megaposts-cat_link_arrow_width":"14px","submenu-megaposts-cat_link_arrow_color":"#646565","submenu-megaposts-cat_link_arrow_color_hover":"#ffffff","submenu-megaposts-cat_link_arrow_position_right":"10px","submenu-megaposts-cat_link_arrow_position_top":"9px","submenu-megaposts-post_width":"204px","submenu-megaposts-post_height":"160px","submenu-megaposts-post_margin_top":"0px","submenu-megaposts-post_margin_right":"0px","submenu-megaposts-post_margin_bottom":"0px","submenu-megaposts-post_margin_left":"15px","submenu-megaposts-post_link_font_font_size":"13","submenu-megaposts-post_link_font_font_family":"'Open Sans' , sans-serif","submenu-megaposts-post_link_font_font_family_style":"font-style:normal;","submenu-megaposts-post_link_font_font_color":"#484747","mega_posts_link_bg_color":"#ffffff","submenu-megaposts-post_link_color_hover":"#c2d44e","submenu-megaposts-post_link_padding_top":"10px","submenu-megaposts-post_link_padding_right":"10px","submenu-megaposts-post_link_padding_bottom":"10px","submenu-megaposts-post_link_padding_left":"10px","submenu_column_right_margin":"20px","submenu-links-title_link_font_font_size":"15","submenu-links-title_link_font_font_family":"'Roboto' , sans-serif","submenu-links-title_link_font_font_family_style":"font-style:normal;","submenu-links-title_link_font_font_color":"#151515","submenu-links-title_link_color_hover":"#151515","submenu-links-title_bottom_border_color":"#bfbfbf","submenu-links-title_padding_top":"6px","submenu-links-title_padding_right":"10px","submenu-links-title_padding_bottom":"6px","submenu-links-title_padding_left":"0px","submenu-links-links_font_font_size":"13","submenu-links-links_font_font_family":"'Open Sans' , sans-serif","submenu-links-links_font_font_family_style":"font-style:normal;","submenu-links-links_font_font_color":"#646565","submenu-links-links_color_hover":"#c2d44e","submenu-links-links_padding_top":"6px","submenu-links-links_padding_right":"10px","submenu-links-links_padding_bottom":"0px","submenu-links-links_padding_left":"0px","megalinks_desc_font_font_size":"12","megalinks_desc_font_font_family":"Arial , sans-serif","megalinks_desc_font_font_family_style":"font-style:normal;","megalinks_desc_font_font_color":"#c9c9c9","megalinks_desc_color_hover":"#ffffff","megalinks_desc_padding_top":"5px","submenu-dropdown-link_font_font_size":"13","submenu-dropdown-link_font_font_family":"'Open Sans' , sans-serif","submenu-dropdown-link_font_font_family_style":"font-style:normal;","submenu-dropdown-link_font_font_color":"#646565","submenu-dropdown-link_color_hover":"#646565","submenu_dropdown_link_bg_hover":"#f4f4f4","submenu_dropdown_link_border_color":"#e4e4e4","submenu_dropdown_link_padding_top":"10px","submenu_dropdown_link_padding_right":"26px","submenu_dropdown_link_padding_bottom":"10px","submenu_dropdown_link_padding_left":"26px","dropdown_desc_font_font_size":"12","dropdown_desc_font_font_family":"Arial , sans-serif","dropdown_desc_font_font_family_style":"font-style:normal;","dropdown_desc_font_font_color":"#c9c9c9","dropdown_desc_color_hover":"#ffffff","dropdown_desc_padding_top":"5px","dropdown-links-arrow_width":"15px","dropdown-links-arrow_color":"#000000","dropdown-links_arrow_color_hover":"#000000","dropdown-links-arrow_position_right":"10px","dropdown-links-arrow_position_top":"10px","submenu-search_margin_top":"0px","submenu-search_margin_right":"10px","submenu-search_margin_left":"10px","submenu-search-button_icon_color":"#ffffff","submenu-search-button_bg_color":"#ffffff","submenu-search-button_color_hover":"#0f2a3b","submenu-search-button_icon_padding_left_right":"10px","submenu-search-button_icon_size":"14px","submenu-search-input_width":"130px","submenu-search-input_height":"22px","submenu-search-input_bg_color":"#ffffff","submenu-search-text_font_font_size":"12","submenu-search-text_font_font_family":"null","submenu-search-text_font_font_family_style":"font-style:normal;","submenu-search-text_font_font_color":"#0b1b26","submenu-search-text_padding_left":"5px","submenu-search-text_padding_right":"5px","submenu-search-input-borderradius_top_left":"4px","submenu-search-input-borderradius_top_right":"4px","submenu-search-input-borderradius_bottom_right":"4px","submenu-search-input-borderradius_bottom_left":"4px","megaLinksTwo_mainLinks_font_font_size":"18","megaLinksTwo_mainLinks_font_font_family":"Arial , sans-serif","megaLinksTwo_mainLinks_font_font_family_style":"font-style:normal;","megaLinksTwo_mainLinks_font_font_color":"#6b6b6b","megaLinksTwo_mainLinks_colorHover":"#ffffff","megaLinksTwo_mainLinks_bgColorHover":"#E58004","megaLinksTwo_mainLinks_borderColor":"#E58004","megaLinksTwo_mainLinks_padding_top":"10px","megaLinksTwo_mainLinks_padding_right":"10px","megaLinksTwo_mainLinks_padding_bottom":"10px","megaLinksTwo_mainLinks_padding_left":"10px","megaLinksTwo_mainLinks_arrow_width":"14px","megaLinksTwo_mainLinks_arrow_color":"#6b6b6b","megaLinksTwo_mainLinks_arrow_color_hover":"#FFFFFF","megaLinksTwo_mainLinks_arrow_position_right":"5px","megaLinksTwo_mainLinks_arrow_position_top":"13px","megaLinksTwo_links_font_font_size":"14","megaLinksTwo_links_font_font_family":"Arial , sans-serif","megaLinksTwo_links_font_font_family_style":"font-style:normal;","megaLinksTwo_links_font_font_color":"#6b6b6b","megaLinksTwo_links_color_hover":"#E58004","megaLinksTwo_links_padding_top":"10px","megaLinksTwo_links_padding_right":"10px","megaLinksTwo_links_padding_bottom":"10px","megaLinksTwo_links_padding_left":"10px","megaLinksTwo_desc_font_font_size":"12","megaLinksTwo_desc_font_font_family":"Arial , sans-serif","megaLinksTwo_desc_font_font_family_style":"font-style:normal;","megaLinksTwo_desc_font_font_color":"#c9c9c9","megaLinksTwo_desc_color_hover":"#ffffff","megaLinksTwo_desc_padding_top":"5px","fontawesome_icons_size":"16px","top-links-fontawesome_icon_margin_top":"8px","top-links-fontawesome_icon_margin_right":"8px","uploaded_icons_width":"20px","uploaded_icons_height":"20px","top-links-normal_icon_margin_top":"16px","top-links-normal_icon_margin_right":"10px","submenu_mega_title_fontawesome_icons_size":"15px","submenu_mega_title_fontawesome_icon_margin_top":"2px","submenu_mega_title_fontawesome_icon_margin_right":"10px","submenu_mega_title_uploaded_icons_width":"13px","submenu_mega_title_uploaded_icons_height":"13px","submenu_mega_title_normal_icon_margin_top":"2px","submenu_mega_title_normal_icon_margin_right":"10px","submenu_mega_links_fontawesome_icons_size":"15px","submenu_mega_links_fontawesome_icon_margin_top":"9px","submenu_mega_links_fontawesome_icon_margin_right":"10px","submenu_mega_links_uploaded_icons_width":"15px","submenu_mega_links_uploaded_icons_height":"15px","submenu_mega_links_normal_icon_margin_top":"1px","submenu_mega_links_normal_icon_margin_right":"10px","submenu_dropdown_links_fontawesome_icons_size":"14px","submenu_dropdown_links_fontawesome_icon_margin_top":"0px","submenu_dropdown_links_fontawesome_icon_margin_right":"10px","submenu_dropdown_links_uploaded_icons_width":"14px","submenu_dropdown_links_uploaded_icons_height":"14px","submenu_dropdown_links_normal_icon_margin_top":"0px","submenu_dropdown_links_normal_icon_margin_right":"10px","social-links-fontawesome_icon_margin_left":"4px","social-links-fontawesome_icon_margin_right":"4px","social_links_fontawesome_icons_size":"16px","social_links_fontawesome_icon_margin_top":"0px","social_links_fontawesome_icon_margin_right":"10px","social_links_uploaded_icons_width":"16px","social_links_uploaded_icons_height":"16px","social_links_normal_icon_margin_top":"16px","social_links_normal_icon_margin_right":"10px","rwd_3bars_icon_size":"28px","rwd_3bars_icon_color":"#f5f5f5","rwd_3bars_icon_right_margin":"20px","rwd_text_font_font_size":"18","rwd_text_font_font_family":"'Roboto' , sans-serif","rwd_text_font_font_family_style":"font-style:normal;","rwd_text_font_font_color":"#f5f5f5","rwd_text_left_margin":"20px","rwd_main_links_height":"35px","rwd_main_links_font_font_size":"15","rwd_main_links_font_font_family":"'Roboto' , sans-serif","rwd_main_links_font_font_family_style":"font-style:normal;","rwd_main_links_font_font_color":"#606366","rwd-main_links_color_hover":"#ffffff","rwd_main_links_bg":"#f5f5f5","rwd_main_links_bg_hover":"#c2d44e","rwd_main_links_bottom_border_color":"#ffffff","rwd_main_links_left_margin":"20px","rwd_main_links_arrow_width":"15px","rwd_main_links_arrow_color":"#606366","rwd_main_links_arrow_color_hover":"#606366","rwd_submenu_padding_top":"10px","rwd_submenu_padding_right":"0px","rwd_submenu_padding_bottom":"10px","rwd_submenu_padding_left":"10px","rwd_links_fontawesome_icons_size":"15px","rwd_links_fontawesome_icon_margin_top":"10px","rwd_links_fontawesome_icon_margin_right":"10px","rwd_links_uploaded_icons_width":"14px","rwd_links_uploaded_icons_height":"14px","rwd_links_normal_icon_margin_top":"10px","rwd_links_normal_icon_margin_right":"10px","undefined":"\u0001\u0001","custom-css":".suppa_demo_container {\n    padding:10px;\n    font-size:14px;\n    overflow:hidden;\n}\n\n.suppa_demo_container h3 {\n    color:#ffffff;\n    font-size:17px;\n    margin-bottom:15px;\n}\n\n.suppa_demo_container input[type=\"text\"],\n.suppa_demo_container input[type=\"password\"]{\n    width:208px;\n    padding:5px;\n    margin:4px 0px;\n    border:1px solid #cccccc;\n    background:#ffffff;\n    color:#555555;\n    \n}\n\n.suppa_demo_container .suppa_demo_submit{\n    margin-top:5px;\n    padding:4px 12px;\n    color:#555555;\n    background:#ffffff;\n    border:1px solid #cccccc;\n    font-size:13px;\n    text-decoration:none;\n}"}
