{
	"name": "wheelcolorpicker",
	"version": "2.0.3",
	"download": "http://files.jar2.net/jquery/wheelcolorpicker/jquery.wheelcolorpicker-2.0.3.zip",
	"title": "Wheel Color Picker",
	"description": "A jQuery plugin to add color picker functionality to HTML form inputs in the round color wheel fashion.",
	"keywords": [
		"ui",
		"form",
		"input",
		"color",
		"colorpicker"
	],
	"author": {
		"name": "Fajar Chandra",
		"url": "http://www.jar2.net"
	},
	"licenses": [
		{
			"type": "MIT",
			"url": "http://opensource.org/licenses/MIT"
		}
	],
	"bugs": "https://github.com/fujaru/jquery-wheelcolorpicker/issues",
	"homepage": "http://www.jar2.net/projects/jquery-wheelcolorpicker",
	"demo": "http://www.jar2.net/projects/jquery-wheelcolorpicker",
	"docs": "https://github.com/fujaru/jquery-wheelcolorpicker/wiki",
	"dependencies": {
		"jquery": ">=1.7"
	}
}
