[{"wp_inactive_widgets":["archives-2","meta-2","categories-2","recent-posts-2","recent-comments-2"],"widget-area-1":["search-2","null-instagram-feed-2","wpp-2","tag_cloud-2"],"footer-area-1":["null-instagram-feed-3"],"footer-area-2":["text-2"],"footer-area-3":["text-3"],"footer-area-4":["mental-recent-posts-2"],"widget-area-woocommerce":["woocommerce_widget_cart-2","woocommerce_product_search-2","woocommerce_price_filter-2","woocommerce_layered_nav_filters-2","woocommerce_layered_nav-2","woocommerce_product_categories-2","woocommerce_products-2","woocommerce_recently_viewed_products-2"],"footer-area-wc-1":["nav_menu-2"],"footer-area-wc-2":["woocommerce_product_categories-3"],"footer-area-wc-3":["woocommerce_top_rated_products-2"],"footer-area-wc-4":["mental-recent-posts-3"]},{"search":{"2":{"title":""},"_multiwidget":1},"null-instagram-feed":{"2":{"title":"Instagram","username":"shutterismstudio","number":"6","size":"small","target":"_blank","link":"Follow Me!"},"3":{"title":"Instagram","username":"canon_photos","number":"6","size":"small","target":"_self","link":"Follow Me!"},"_multiwidget":1},"wpp":{"2":{"title":"","limit":"3","range":"daily","order_by":"views","post_type":"post","freshness":false,"pid":"","cat":"","author":"","shorten_title":{"words":"0","active":false,"length":"25"},"post-excerpt":{"keep_format":false,"words":"0","active":false,"length":"55"},"thumbnail":{"active":true,"width":"70","height":"70"},"rating":false,"stats_tag":{"comment_count":true,"views":true,"author":false,"date":{"active":false,"format":"F j, Y"},"category":false},"markup":{"custom_html":false,"wpp-start":"&lt;ul class=&quot;wpp-list&quot;&gt;","wpp-end":"&lt;\/ul&gt;","post-html":"&lt;li&gt;{thumb} {title} {stats}&lt;\/li&gt;","title-start":"","title-end":""}},"_multiwidget":1},"tag_cloud":{"2":{"title":"","taxonomy":"post_tag"},"_multiwidget":1},"text":{"2":{"title":"About Us","text":"<p>We are creative agency. We passionate with design, photo, music, video,  and other creative things.<\/p>\r\n<p class=\"phone-block\">+1 (800) 515 622 3122<\/p>\r\n <p class=\"email-block\"><a href=\"mailto:support@azelab.com\">support@azelab.com<\/a><\/p>","filter":false},"3":{"title":"Contact Us","text":"[contact-form-7 id=\"113\" title=\"Widget Contact form\"]","filter":false},"_multiwidget":false},"mental-recent-posts":{"2":{"title":"Recent Posts","number":3,"show_info":true},"3":{"title":"Recent Posts","number":3,"show_info":false},"_multiwidget":1},"woocommerce_widget_cart":{"2":{"title":"Cart","hide_if_empty":0},"_multiwidget":1},"woocommerce_product_search":{"2":{"title":""},"_multiwidget":1},"woocommerce_price_filter":{"2":{"title":"Filter by price"},"_multiwidget":1},"woocommerce_layered_nav_filters":{"2":{"title":"Active Filters"},"_multiwidget":1},"woocommerce_layered_nav":{"2":{"title":"Filter by","attribute":"color","display_type":"list","query_type":"and"},"_multiwidget":1},"woocommerce_product_categories":{"2":{"title":"Product Categories","orderby":"name","dropdown":0,"count":0,"hierarchical":1,"show_children_only":0,"hide_empty":0},"3":{"title":"Product Categories","orderby":"name","dropdown":0,"count":0,"hierarchical":1,"show_children_only":0,"hide_empty":0},"_multiwidget":1},"woocommerce_products":{"2":{"title":"Products","number":5,"show":"","orderby":"date","order":"desc","hide_free":0,"show_hidden":0},"_multiwidget":1},"woocommerce_recently_viewed_products":{"2":{"title":"Recently Viewed Products","number":10},"_multiwidget":1},"nav_menu":{"2":{"title":"Widget Menu","nav_menu":18},"_multiwidget":1},"woocommerce_top_rated_products":{"2":{"title":"Top Rated Products","number":3},"_multiwidget":1},"archives":{"2":{"title":"","count":0,"dropdown":0},"_multiwidget":1},"meta":{"2":{"title":""},"_multiwidget":1},"categories":{"2":{"title":"","count":0,"hierarchical":0,"dropdown":0},"_multiwidget":1},"recent-posts":{"2":{"title":"","number":5},"_multiwidget":1},"recent-comments":{"2":{"title":"","number":5},"_multiwidget":1}}]