{"show_on_front":"page","page_on_front":"450","yarpp":{"threshold":"2","limit":"4","excerpt_length":"10","recent":false,"before_title":"<li>","after_title":"<\/li>","before_post":" <small>","after_post":"<\/small>","before_related":"<h3>Related posts:<\/h3><ol>","after_related":"<\/ol>","no_results":"<p>No related posts.<\/p>","order":"score DESC","rss_limit":"3","rss_excerpt_length":"10","rss_before_title":"<li>","rss_after_title":"<\/li>","rss_before_post":" <small>","rss_after_post":"<\/small>","rss_before_related":"<h3>Related posts:<\/h3><ol>","rss_after_related":"<\/ol>","rss_no_results":"<p>No related posts.<\/p>","rss_order":"score DESC","past_only":false,"show_excerpt":false,"rss_show_excerpt":false,"template":"thumbnails","rss_template":false,"show_pass_post":false,"cross_relate":false,"rss_display":false,"rss_excerpt_display":true,"promote_yarpp":false,"rss_promote_yarpp":false,"myisam_override":false,"exclude":"","weight":{"tax":{"category":1,"post_tag":1,"gallery_category":1,"gallery_filter":1}},"require_tax":[],"optin":false,"thumbnails_heading":"Related posts:","thumbnails_default":"http:\/\/mental-wp.azelab.com\/wp-content\/plugins\/yet-another-related-posts-plugin\/images\/default.png","rss_thumbnails_heading":"Related posts:","rss_thumbnails_default":"http:\/\/mental-wp.azelab.com\/wp-content\/plugins\/yet-another-related-posts-plugin\/images\/default.png","display_code":false,"auto_display_archive":false,"auto_display_post_types":["post","gallery"],"pools":[],"manually_using_thumbnails":false}}