<wpml-config>
    <custom-fields>
		<custom-field action="copy">_dt_post_settings</custom-field>
		<custom-field action="copy">_catalog_settings</custom-field>
		<custom-field action="copy">_portfolio_settings</custom-field>
		<custom-field action="translate">_tpl_default_settings</custom-field>
		<custom-field action="copy">_dt_builder_settings</custom-field>
        <custom-field action="translate">_seo_title</custom-field>
        <custom-field action="translate">_seo_keywords</custom-field>
        <custom-field action="translate">_seo_description</custom-field>
    </custom-fields>
	
    <custom-types>
        <custom-type translate="1">dt_catalog</custom-type>
		<custom-type translate="1">dt_portfolios</custom-type>
    </custom-types>    

    <taxonomies>
		<taxonomy translate="1">catalog_entries</taxonomy>
        <taxonomy translate="1">portfolio_entries</taxonomy>
    </taxonomies>

    <language-switcher-settings>
        <key name="icl_lang_sel_config">
            <key name="font-current-normal">#444444</key>
            <key name="font-current-hover">#000000</key>
            <key name="background-current-normal">#ffffff</key>
            <key name="background-current-hover">#eeeeee</key>
            <key name="font-other-normal">#444444</key>
            <key name="font-other-hover">#000000</key>
            <key name="background-other-normal">#ffffff</key>
            <key name="background-other-hover">#eeeeee</key>
            <key name="border">#cdcdcd</key>
        </key>
        <key name="icl_lang_sel_footer_config">
            <key name="font-current-normal">#444444</key>
            <key name="font-current-hover">#000000</key>
            <key name="background-current-normal">#ffffff</key>
            <key name="background-current-hover">#eeeeee</key>
            <key name="font-other-normal">#444444</key>
            <key name="font-other-hover">#000000</key>
            <key name="background-other-normal">#ffffff</key>
            <key name="background-other-hover">#eeeeee</key>
            <key name="border">#cdcdcd</key>
        </key>    
        <key name="icl_language_switcher_sidebar">0</key>  
        <key name="icl_widget_title_show">0</key>
        <key name="icl_lang_sel_type">dropdown</key>
        <key name="icl_lso_link_empty">0</key>
        <key name="icl_lso_flags">0</key>
        <key name="icl_lso_native_lang">1</key>
        <key name="icl_lso_display_lang">1</key>
        <key name="icl_lang_sel_footer">0</key>
        <key name="icl_post_availability">0</key>
        <key name="icl_post_availability_position">below</key>
        <key name="icl_post_availability_text">This post is also available in: %s</key>    
    </language-switcher-settings>
	<admin-texts>
        <key name="mytheme">
            <key name="general">
                <key name="top-message"/>
            </key>
            <key name="specialty">
                <key name="404-message"/>
            </key>
			<key name="footer">
                <key name="copyright-text"/>
            </key>
			<key name="woo">
                <key name="gcemail-subject"/>
				<key name="gcemail-template"/>
            </key>
			<key name="company">
                <key name="appointment_notification_to_staff_subject"/>
				<key name="appointment_notification_to_staff_message"/>
				<key name="modified_appointment_notification_to_staff_subject"/>
				<key name="modified_appointment_notification_to_staff_message"/>
				<key name="deleted_appointment_notification_to_staff_subject"/>
				<key name="deleted_appointment_notification_to_staff_message"/>
				<key name="agenda_to_staff_subject"/>
				<key name="agenda_to_staff_message"/>
				<key name="appointment_notification_to_client_subject"/>
				<key name="appointment_notification_to_client_message"/>
				<key name="modified_appointment_notification_to_client_subject"/>
				<key name="modified_appointment_notification_to_client_message"/>
				<key name="deleted_appointment_notification_to_client_subject"/>
				<key name="deleted_appointment_notification_to_client_message"/>
				<key name="success_message"/>
				<key name="error_message"/>
            </key>
        </key>
    </admin-texts> 
</wpml-config>