{"sm423_102eor":{"magazilla_tabs-5":{"items_num":"3"},"magazilla_latest_reviews-2":{"title":"Latest Reviews","items_num":"5","category":""},"magazilla_latest_comments-5":{"title":"Latest Comments","comments_show":"3"}},"sm423_267cnr":{"magazilla_tabs-6":{"items_num":"3"}},"sm43_407tlk":{"magazilla_latest_galleries-4":{"title":"Latest Galleries","items_num":"4","category":""},"magazilla_latest_comments-3":{"title":"Latest Comments","comments_show":"3"}},"sm43_558vxl":{"magazilla_image_banner_300_250-7":{"title":"Image Ad","banner_url":"http:\/\/magzilla01.favethemes.com\/\/wp-content\/uploads\/2015\/09\/banner-300-x-251.png","banner_link":"#","hide_title":"on"},"magazilla_tabs-7":{"items_num":"3"},"magazilla_latest_videos-5":{"title":"Latest Videos","items_num":"4","category":""}},"sm43_624uim":{"magazilla_image_banner_300_250-8":{"title":"Image Ad","banner_url":"http:\/\/magzilla01.favethemes.com\/\/wp-content\/uploads\/2015\/09\/banner-300-x-251.png","banner_link":"#","hide_title":"on"},"magazilla_latest_reviews-3":{"title":"Latest Reviews","items_num":"5","category":""},"magazilla_latest_comments-4":{"title":"Latest Comments","comments_show":"2"}},"sm424_741oai":{"magazilla_latest_galleries-5":{"title":"Latest Galleries","items_num":"5","category":""},"magazilla_tabs-8":{"items_num":"4"},"magazilla_video_embed-5":{"title":"Youtube Widget Video","video_url":"https:\/\/www.youtube.com\/watch?v=M4z90wlwYs8","video_title":"100 Years of Fashion in 2 Minutes"}},"sm431_883xit":{"magazilla_latest_posts-10":{"title":"Latest Posts","items_num":"5","category":""},"magazilla_latest_reviews-7":{"title":"Latest Reviews","items_num":"5","category":""},"magazilla_latest_comments-8":{"title":"Latest Comments","comments_show":"5"},"archives-2":{"title":"","count":0,"dropdown":0},"calendar-2":{"title":""},"meta-2":{"title":""},"recent-posts-2":{"title":"","number":5,"show_date":false},"rss-2":{"title":"","url":"","link":"","items":10,"error":"WP HTTP Error: A valid URL was not provided.","show_summary":0,"show_author":0,"show_date":0}},"sm431_981sbs":{"magazilla_latest_galleries-7":{"title":"Latest Galleries","items_num":"5","category":""},"magazilla_tabs-9":{"items_num":"3"},"magazilla_instagram-5":{"title":"Instagram Slider","userid":"27476422","accessToken":"27476422.1677ed0.1f2fa0bdc10c423ab5ce4d061e47020a","template":"slider","images_link":"image_url","images_number":"6"},"magazilla_authors-4":{"title":"AUTHORS AND CONTRIBUTORS","items_num":"5","user_role":""},"categories-4":{"title":"Categories","count":0,"hierarchical":0,"dropdown":0}},"sm431_1077tof":{"magazilla_latest_videos-7":{"title":"Latest Videos","items_num":"5","category":""},"magazilla_video_embed-6":{"title":"Video","video_url":"https:\/\/www.youtube.com\/watch?v=M4z90wlwYs8","video_title":"Video Title"},"magazilla_flickr_feeds-5":{"title":"Flickr Photos","userid":"78621811@N06","count":"9","t_width":"100","t_height":"80"},"magazilla_image_banner_300_250-9":{"title":"Image Ad ","banner_url":"http:\/\/placehold.it\/300x250","banner_link":"#","hide_title":null},"nav_menu-2":{"title":"Custom Menu","nav_menu":85},"recent-comments-2":{"title":"Recent comments","number":5},"tag_cloud-2":{"title":"Tags","taxonomy":"post_tag"},"text-2":{"title":"Text","text":"Lorem ipsum dolor sit amet, consectetur adipiscing elit. Mauris auctor nulla ac iaculis volutpat. Sed malesuada ante sit amet elit ultrices, eget posuere metus faucibus. Nulla aliquam egestas tellus at cursus. Nam vitae elit et sapien lacinia varius ut sit amet nibh.","filter":false},"search-2":{"title":"Search"}},"default-sidebar":{"magazilla_image_banner_300_250-4":{"title":"Image Ad","banner_url":"http:\/\/magzilla01.favethemes.com\/\/wp-content\/uploads\/2015\/09\/banner-300-x-251.png","banner_link":"#","hide_title":"on"},"categories-3":{"title":"Categories","count":1,"hierarchical":0,"dropdown":0},"magazilla_latest_posts-8":{"title":"Latest Posts","items_num":"4","category":""},"magazilla_latest_comments-7":{"title":"Latest Comments","comments_show":"3"}},"page-sidebar":{"magazilla_image_banner_300_250-3":{"title":"Image Ad","banner_url":"http:\/\/magzilla01.favethemes.com\/\/wp-content\/uploads\/2015\/09\/banner-300-x-251.png","banner_link":"#","hide_title":null}},"bbpress-sidebar":{"bbp_search_widget-2":{"title":"Search Forums"},"bbp_forums_widget-2":{"title":"Forums","parent_forum":"0"},"bbp_login_widget-2":{"title":"Login","register":"","lostpass":""},"bbp_views_widget-2":{"title":"Topic View list"},"bbp_stats_widget-2":{"title":"Forum Statistics"},"bbp_replies_widget-2":{"title":"Recent Replies","show_date":true,"show_user":true,"max_shown":5}},"category-sidebar":{"magazilla_image_banner_300_250-10":{"title":"Image Ad","banner_url":"http:\/\/magzilla01.favethemes.com\/\/wp-content\/uploads\/2015\/09\/banner-300-x-251.png","banner_link":"#","hide_title":"on"},"magazilla_latest_reviews-4":{"title":"Latest Reviews","items_num":"5","category":""},"magazilla_latest_posts-4":{"title":"Latest Posts","items_num":"4","category":""}},"video-sidebar":{"magazilla_latest_videos-6":{"title":"Latest Videos","items_num":"5","category":""},"magazilla_video_embed-4":{"title":"Featured Video","video_url":"https:\/\/www.youtube.com\/watch?v=KluDd8KRzJk","video_title":"Adele Concert In NY 2015"}},"gallery-sidebar":{"magazilla_latest_galleries-2":{"title":"Latest Galleries","items_num":"4","category":""},"magazilla_instagram-4":{"title":"Instagram","userid":"27476422","accessToken":"27476422.1677ed0.1f2fa0bdc10c423ab5ce4d061e47020a","template":"slider","images_link":"image_url","images_number":"6"},"magazilla_flickr_feeds-4":{"title":"Flickr Photos","userid":"78621811@N06","count":"9","t_width":"100","t_height":"80"}},"author-sidebar":{"magazilla_authors-3":{"title":"Authors and Contributors","items_num":"5","user_role":""},"magazilla_latest_posts-6":{"title":"Latest Posts","items_num":"5","category":""},"magazilla_image_banner_300_250-5":{"title":"Image Ad","banner_url":"http:\/\/magzilla01.favethemes.com\/\/wp-content\/uploads\/2015\/09\/banner-300-x-251.png","banner_link":"#","hide_title":"on"}},"search-sidebar":{"magazilla_latest_posts-7":{"title":"Latest Posts","items_num":"5","category":"3"},"magazilla_latest_reviews-5":{"title":"Latest Reviews","items_num":"5","category":""}},"footer-col-1":{"magazilla_latest_reviews-6":{"title":"Latest Reviews","items_num":"3","category":""}},"footer-col-2":{"magazilla_latest_posts-9":{"title":"Latest Posts","items_num":"1","category":""}},"footer-col-3":{"magazilla_latest_galleries-6":{"title":"Latest Galleries","items_num":"1","category":"27"}},"footer-col-4":{"magazilla_image_banner_300_250-6":{"title":"Image Ad","banner_url":"http:\/\/magzilla01.favethemes.com\/\/wp-content\/uploads\/2015\/09\/banner-300-x-251.png","banner_link":"#","hide_title":null}}}