{"title":"Handy","container_background_from":"rgb(86, 86, 86)","container_background_to":"rgb(86, 86, 86)","container_padding_left":"8px","container_padding_right":"8px","container_padding_top":"8px","container_padding_bottom":"8px","arrow_left":"dash-f341","arrow_right":"dash-f345","menu_item_background_hover_from":"rgb(194, 212, 78)","menu_item_background_hover_to":"rgb(194, 212, 78)","menu_item_spacing":"0","menu_item_link_height":"34px","menu_item_link_text_transform":"uppercase","menu_item_link_border_radius_top_left":"4px","menu_item_link_border_radius_top_right":"4px","menu_item_link_border_radius_bottom_left":"4px","menu_item_link_border_radius_bottom_right":"4px","menu_item_border_color":"rgba(255, 255, 255, 0)","menu_item_border_color_hover":"rgba(255, 255, 255, 0)","menu_item_highlight_current":"on","panel_background_from":"rgb(235, 235, 235)","panel_background_to":"rgb(235, 235, 235)","panel_header_color":"rgb(21, 21, 21)","panel_header_text_transform":"none","panel_header_font_size":"15px","panel_header_font_weight":"normal","panel_header_margin_top":"16px","panel_header_border_color":"rgb(191, 191, 191)","panel_header_border_bottom":"1px","panel_padding_bottom":"16px","panel_widget_padding_left":"16px","panel_widget_padding_right":"16px","panel_widget_padding_top":"0px","panel_widget_padding_bottom":"0px","panel_font_size":"13px","panel_font_color":"rgb(100, 101, 101)","panel_font_family":"inherit","panel_second_level_font_color":"rgb(21, 21, 21)","panel_second_level_font_color_hover":"rgb(21, 21, 21)","panel_second_level_text_transform":"none","panel_second_level_font":"inherit","panel_second_level_font_size":"15px","panel_second_level_font_weight":"normal","panel_second_level_font_weight_hover":"normal","panel_second_level_text_decoration":"none","panel_second_level_text_decoration_hover":"none","panel_second_level_background_hover_from":"rgba(244, 244, 244, 0)","panel_second_level_background_hover_to":"rgba(244, 244, 244, 0)","panel_second_level_padding_bottom":"5px","panel_second_level_margin_top":"16px","panel_second_level_margin_bottom":"5px","panel_second_level_border_color":"rgb(191, 191, 191)","panel_second_level_border_bottom":"1px","panel_third_level_font_color":"rgb(100, 101, 101)","panel_third_level_font_color_hover":"rgb(100, 101, 101)","panel_third_level_font":"inherit","panel_third_level_font_size":"13px","panel_third_level_padding_right":"10px","panel_third_level_padding_top":"6px","flyout_width":"180px","flyout_menu_background_from":"rgb(235, 235, 235)","flyout_menu_background_to":"rgb(235, 235, 235)","flyout_menu_item_divider":"on","flyout_menu_item_divider_color":"rgb(228, 228, 228)","flyout_link_padding_left":"26px","flyout_link_padding_right":"26px","flyout_link_height":"40px","flyout_background_from":"rgb(235, 235, 235)","flyout_background_to":"rgb(235, 235, 235)","flyout_background_hover_from":"rgb(244, 244, 244)","flyout_background_hover_to":"rgb(244, 244, 244)","flyout_link_size":"14px","flyout_link_color":"#666","flyout_link_color_hover":"#666","flyout_link_family":"inherit","responsive_breakpoint":"768px","z_index":"300","transitions":"on","mobile_columns":"1","toggle_background_from":"rgb(86, 86, 86)","toggle_background_to":"rgb(86, 86, 86)","toggle_font_color":"#ffffff","toggle_bar_height":"50px","mobile_menu_item_height":"50px","mobile_background_from":"rgb(86, 86, 86)","mobile_background_to":"rgb(86, 86, 86)","custom_css":"\/** Push menu onto new line **\/\r\n#{$wrap} {\r\n    clear: both;\r\n}\r\n\r\n#mega-menu-wrap-primary-nav #mega-menu-primary-nav &gt; li.mega-menu-item:after {\r\n\tcontent: \\&quot;\\&quot;;\r\n    display: inline-block;\r\n    border-right: 1px solid #676767 !important;\r\n    background: #454545 !important;\r\n    width: 2px;\r\n    height: 20px;\r\n    position: relative;\r\n    right: 0px;\r\n    top: 5px;\r\n    margin: 0 10px 0 7px;\r\n}\r\n\r\n#mega-menu-wrap-primary-nav #mega-menu-primary-nav &gt; li.mega-menu-item:last-of-type::after {\r\n    display: none;\r\n}\r\n\r\n#mega-menu-wrap-primary-nav #mega-menu-primary-nav &gt; li.mega-menu-flyout ul.mega-sub-menu:before {\r\n    width: 6px;\r\n    height: 6px;\r\n    position: absolute;\r\n    top: -3px;\r\n    left: 10px;\r\n    transform: rotate(45deg);\r\n    background-color: #ebebeb;\r\n    display: block;\r\n    content: \\&quot;\\&quot;;\r\n}\r\n\r\n#mega-menu-wrap-primary-nav #mega-menu-primary-nav &gt; li.mega-menu-flyout ul.mega-sub-menu ul.mega-sub-menu:before {\r\n    display: none;\r\n}\r\n\r\n#mega-menu-wrap-primary-nav #mega-menu-primary-nav &gt; li.mega-menu-flyout ul.mega-sub-menu,\r\n#mega-menu-wrap-primary-nav #mega-menu-primary-nav &gt; li.mega-menu-megamenu.mega-fixed-width ul.mega-sub-menu {\r\n    top: 42px;\r\n}\r\n\r\n#mega-menu-wrap-primary-nav #mega-menu-primary-nav &gt; li.mega-menu-megamenu ul.mega-sub-menu {\r\n    top: 50px;\r\n}\r\n\r\n#mega-menu-wrap-primary-nav #mega-menu-primary-nav &gt; li.mega-menu-megamenu ul.mega-sub-menu ul.mega-sub-menu {\r\n    top: 0px;\r\n}\r\n\r\n#mega-menu-wrap-primary-nav #mega-menu-primary-nav &gt; li.mega-menu-flyout ul.mega-sub-menu li.mega-menu-item:not(.mega-menu-item-has-children) a.mega-menu-link::after {\r\n    display: block;\r\n    content: \\&quot;\\&quot;;\r\n    height: 100%;\r\n    width: 3px;\r\n    background: #c2d44e;\r\n    opacity: 0;\r\n    right: 0;\r\n    bottom: 0;\r\n    position: absolute;\r\n    -webkit-transition: opacity 0.3s ease-out;\r\n    -ms-transition: opacity 0.3s ease-out;\r\n    transition: opacity 0.3s ease-out;\r\n}\r\n\r\n#mega-menu-wrap-primary-nav #mega-menu-primary-nav &gt; li.mega-menu-flyout ul.mega-sub-menu li.mega-menu-item a.mega-menu-link:hover::after {\r\n    opacity: 1;\r\n}\r\n\r\n#mega-menu-wrap-primary-nav #mega-menu-primary-nav &gt; li.mega-menu-flyout ul.mega-sub-menu li.mega-menu-item a.mega-menu-link,\r\n#mega-menu-wrap-primary-nav #mega-menu-primary-nav &gt; li.mega-menu-megamenu &gt; ul.mega-sub-menu &gt; li.mega-menu-item li.mega-menu-item &gt; a.mega-menu-link{\r\n    -webkit-transition: padding 0.3s ease-out;\r\n    -ms-transition: padding 0.3s ease-out;\r\n    transition: padding 0.3s ease-out;\r\n}\r\n\r\n#mega-menu-wrap-primary-nav #mega-menu-primary-nav &gt; li.mega-menu-flyout ul.mega-sub-menu li.mega-menu-item a.mega-menu-link:hover {\r\n    padding: 0 16px 0 36px;\r\n}\r\n\r\n#mega-menu-wrap-primary-nav #mega-menu-primary-nav &gt; li.mega-menu-item &gt; a.mega-menu-link {\r\n\tborder-radius: 4px !important;\r\n    display: inline-block;\r\n}\r\n\r\n#mega-menu-wrap-primary-nav #mega-menu-primary-nav &gt; li.mega-menu-megamenu.mega-fixed-width &gt; ul.mega-sub-menu {\r\n\twidth: 560px;\r\n}\r\n\r\n#mega-menu-wrap-primary-nav #mega-menu-primary-nav &gt; li.mega-menu-megamenu.mega-menu-item.mega-fixed-width {\r\n\tposition: relative;\r\n}\r\n\r\n#mega-menu-wrap-primary-nav #mega-menu-primary-nav &gt; li.mega-menu-megamenu &gt; ul.mega-sub-menu &gt; li.mega-menu-item li.mega-menu-item &gt; a.mega-menu-link:hover {\r\n\tpadding: 6px 0 0 10px;\r\n    color: #c2d44e;\r\n}\r\n\r\n#mega-menu-wrap-primary-nav #mega-menu-primary-nav:after {\r\n\tdisplay: table;\r\n    conyent: \\&quot;\\&quot;;\r\n    clear: both;\r\n}\r\n\r\n#mega-menu-wrap-primary-nav #mega-menu-primary-nav p.price {\r\n    margin-bottom: 0px;\r\n}\r\n\r\n@media (max-width: 768px) {\r\n\r\n    #mega-menu-wrap-primary-nav #mega-menu-primary-nav &gt; li.mega-menu-flyout ul.mega-sub-menu::before,\r\n    #mega-menu-wrap-primary-nav #mega-menu-primary-nav &gt; li.mega-menu-item::after {\r\n    \tdisplay: none;\r\n\t}\r\n    \r\n    #mega-menu-wrap-primary-nav #mega-menu-primary-nav &gt; li.mega-menu-item::before {\r\n    \twidth: 100%;\r\n        height: 2px;\r\n        top: 0;\r\n        background-color: #454545;\r\n        border-top: 1px solid #676767;\r\n        content: \\&quot;\\&quot;;\r\n        display: block;\r\n    }\r\n    \r\n    #mega-menu-wrap-primary-nav #mega-menu-primary-nav &gt; li.mega-menu-item &gt; a.mega-menu-link {\r\n    \tborder-radius: 0 !important;\r\n    \tdisplay: block;\r\n\t}\r\n    \r\n}"}
