{"settings":{"page_id":1353483786,"title":"Design Settings","alias":"design-settings","adminMenuTopItem":"current-theme","showPageTitle":true,"access":"administrator","pageDescription":"Configure the appearance of your site and customize it for your needs . Set logos, colors, fonts and more.","icon":"menu-icon-appearance"},"sortOrder":{"1353483757947":{"none":"none","1353483757953":{"none":"none","1tcA8YRYgVMg":"1tcA8YRYgVMg","385yX4789JwP":"385yX4789JwP","PqXS3JpuxSHU":"PqXS3JpuxSHU","lE58HoSGnC4Q":"lE58HoSGnC4Q"},"1353487510068":{"none":"none","W7bZkKTHYU1P":"W7bZkKTHYU1P","A770yySf7eqN":"A770yySf7eqN","A3bPpJ1RfBjs":"A3bPpJ1RfBjs","nHjTLBguvwJI":"nHjTLBguvwJI"},"1353487019850":{"none":"none","cBTSp2kdx8aF":"cBTSp2kdx8aF","mmVGYMtcu5jx":"mmVGYMtcu5jx"}},"1353484326456":{"none":"none","1353484454544":{"none":"none","STgnWuxMcblE":"STgnWuxMcblE","nCg8KaYyG9gY":"nCg8KaYyG9gY","XyyVtNpQy7jO":"XyyVtNpQy7jO","XER6Fwk9GvdT":"XER6Fwk9GvdT","wayxpc0VfZZN":"wayxpc0VfZZN","kLg49nJstgjR":"kLg49nJstgjR"}},"1353484334535":{"none":"none","1363073279881":{"none":"none","0uVMyAr0ORJl":"0uVMyAr0ORJl","h9qiGZAEO0yB":"h9qiGZAEO0yB","26rfkBafuVPp":"26rfkBafuVPp","IGoQxwGcfWaF":"IGoQxwGcfWaF","PomdeRuE8hFz":"PomdeRuE8hFz","ZacMgI0Ha1E8":"ZacMgI0Ha1E8"}}},"elements":{"none":"none","1353483757947":{"index":"1353483757947","template":"tab","title":"General","separate":"","values":"","requiredMessage":"","validationMessage":"","cssClass":"","titleCaption":"","fieldCaption":""},"1353483757953":{"index":"1353483757953","template":"container","type":"invisible","title":" Logo","separate":"","values":"","requiredMessage":"","validationMessage":"","cssClass":"","titleCaption":"","fieldCaption":"","display_on_customization_page":"true"},"1tcA8YRYgVMg":{"index":"1tcA8YRYgVMg","template":"field","title":"Logo Title","type":"input-text","alias":"logo-title","values":"","required":false,"requiredMessage":"","validation":"","validationMessage":"","cssClass":"","titleCaption":"","fieldCaption":"The site name or logo text.","separate":""},"385yX4789JwP":{"index":"385yX4789JwP","template":"field","title":"Logo Tagline","type":"checkbox-bool-type","alias":"logo-tagline","values":"","required":null,"requiredMessage":"","titleCaption":"","fieldCaption":"Show tagline below the logo text.","validation":null,"separate":"","validationMessage":"","cssClass":""},"PqXS3JpuxSHU":{"index":"PqXS3JpuxSHU","template":"field","title":"Logo Image","type":"fileupload-type","alias":"logo","values":"","required":false,"requiredMessage":"","validation":null,"validationMessage":"","cssClass":"","titleCaption":"Optional","fieldCaption":"Select an optional image for the site logo.","separate":""},"lE58HoSGnC4Q":{"index":"lE58HoSGnC4Q","template":"field","title":"Link URL","type":"input-text","alias":"logo-link","values":"","required":false,"requiredMessage":"","validation":"","validationMessage":"","cssClass":"","titleCaption":"Optional","fieldCaption":"The URL to link the site logo. If blank the default site URL is used.","separate":""},"1353487510068":{"index":"1353487510068","template":"container","type":"invisible","title":"Link Colors","separate":"","values":"","requiredMessage":"","validationMessage":"","cssClass":"","titleCaption":"","fieldCaption":"","display_on_customization_page":"true"},"W7bZkKTHYU1P":{"index":"W7bZkKTHYU1P","template":"field","title":"Link","type":"colorpicker-type","alias":"link-color","values":"#21759b","required":false,"requiredMessage":"","validation":null,"validationMessage":"","cssClass":"","titleCaption":"","fieldCaption":"","separate":""},"A770yySf7eqN":{"index":"A770yySf7eqN","template":"field","title":"Hover","type":"colorpicker-type","alias":"link-hover-color","values":"#222222","required":false,"requiredMessage":"","validation":null,"validationMessage":"","cssClass":"","titleCaption":"","fieldCaption":"","separate":""},"A3bPpJ1RfBjs":{"index":"A3bPpJ1RfBjs","template":"field","title":"Underline Links","type":"checkbox-bool-type","alias":"underline-links","values":"","required":null,"requiredMessage":"","validation":null,"validationMessage":"","cssClass":"","titleCaption":"","fieldCaption":"","separate":""},"nHjTLBguvwJI":{"index":"nHjTLBguvwJI","template":"field","title":"Underline on Hover","type":"checkbox-bool-type","alias":"underline-links-hover","values":"","required":null,"requiredMessage":"","validation":null,"validationMessage":"","cssClass":"","titleCaption":"","fieldCaption":"Underline on hover.","separate":""},"1353487019850":{"index":"1353487019850","template":"container","type":"invisible","title":"Text Colors","separate":"","values":"","requiredMessage":"","validationMessage":"","cssClass":"","titleCaption":"","fieldCaption":""},"cBTSp2kdx8aF":{"index":"cBTSp2kdx8aF","template":"field","title":"Default Text","type":"colorpicker-type","alias":"text-color","values":"#777777","required":false,"requiredMessage":"","validation":null,"validationMessage":"","cssClass":"","titleCaption":"","fieldCaption":"The default color of body text.","separate":""},"mmVGYMtcu5jx":{"index":"mmVGYMtcu5jx","template":"field","title":"Headings","type":"colorpicker-type","alias":"heading-text-color","separate":"","values":"#222222","requiredMessage":"","validationMessage":"","cssClass":"","titleCaption":"","fieldCaption":"The color of titles and headings.","required":false,"validation":null},"1353484326456":{"index":"1353484326456","template":"tab","title":"Header","separate":"","values":"","requiredMessage":"","validationMessage":"","cssClass":"","titleCaption":"","fieldCaption":""},"1353484454544":{"index":"1353484454544","template":"container","type":"invisible","title":"Header","separate":"","values":"","requiredMessage":"","validationMessage":"","cssClass":"","titleCaption":"","fieldCaption":"","display_on_customization_page":"true"},"STgnWuxMcblE":{"index":"STgnWuxMcblE","template":"field","title":"Text Color","type":"colorpicker-type","alias":"header-text-color","values":"#515151","required":false,"requiredMessage":"","titleCaption":"","fieldCaption":"Set the header text color.","validation":null,"separate":"","validationMessage":"","cssClass":""},"nCg8KaYyG9gY":{"index":"nCg8KaYyG9gY","template":"field","title":"Background","type":"colorpicker-type","alias":"header-background-color","values":"#EEEEEE","required":"Yes","requiredMessage":"Please enter a background color.","validation":null,"validationMessage":"","cssClass":"","titleCaption":"","fieldCaption":"The background color of the header.","separate":""},"XyyVtNpQy7jO":{"index":"XyyVtNpQy7jO","template":"field","title":"Image","type":"fileupload-type","alias":"header-background-image","values":"","required":false,"requiredMessage":"","validation":null,"validationMessage":"","cssClass":"","titleCaption":"","fieldCaption":"Optional background image.","separate":""},"XER6Fwk9GvdT":{"index":"XER6Fwk9GvdT","template":"field","title":"","type":"radio-buttons-image","alias":"header-background-image-pos-x","values":"left=>..\/wp-content\/themes\/liftoff\/assets\/images\/align-left.png\\r\\ncenter=>..\/wp-content\/themes\/liftoff\/assets\/images\/align-center.png\\r\\nright=>..\/wp-content\/themes\/liftoff\/assets\/images\/align-right.png\\r\\n","required":false,"requiredMessage":"","validation":null,"validationMessage":"","cssClass":"","titleCaption":"","fieldCaption":"Horizontal position of the background image.","image_size":"32","separate":""},"wayxpc0VfZZN":{"index":"wayxpc0VfZZN","template":"field","title":"","type":"radio-buttons-image","alias":"header-background-image-pos-y","separate":"","values":"top=>..\/wp-content\/themes\/liftoff\/assets\/images\/align-top.png\\r\\ncenter=>..\/wp-content\/themes\/liftoff\/assets\/images\/align-middle.png\\r\\nbottom=>..\/wp-content\/themes\/liftoff\/assets\/images\/align-bottom.png\\r\\n","requiredMessage":"","validationMessage":"","cssClass":"","titleCaption":"","fieldCaption":"Vertical position of the background image.","required":false,"validation":null,"image_size":"32"},"kLg49nJstgjR":{"index":"kLg49nJstgjR","template":"field","title":"","type":"select-type","alias":"header-background-image-repeat","separate":"","values":"no-repeat=>No Repeat\\r\\nrepeat=>Repeat\\r\\nrepeat-x=>Repeat Horizontal (repeat-x)\\r\\nrepeat-y=>Repeat Vertical (repeat-y)\\r\\nfixed=>Fixed position\\r\\n","requiredMessage":"","validationMessage":"","cssClass":"","titleCaption":"","fieldCaption":"Background image repeat.","required":null,"validation":null},"1353484334535":{"index":"1353484334535","template":"tab","title":"Footer","separate":"","values":"","requiredMessage":"","validationMessage":"","cssClass":"","titleCaption":"","fieldCaption":""},"1363073279881":{"index":"1363073279881","template":"container","type":"invisible","title":"Footer","display_on_customization_page":"true","separate":"","values":"","requiredMessage":"","validationMessage":"","cssClass":"","titleCaption":"","fieldCaption":""},"0uVMyAr0ORJl":{"index":"0uVMyAr0ORJl","template":"field","title":"Text Color","type":"colorpicker-type","alias":"footer-text-color","values":"#515151","required":false,"requiredMessage":"","titleCaption":"","fieldCaption":"","validation":null,"separate":"","validationMessage":"","cssClass":""},"h9qiGZAEO0yB":{"index":"h9qiGZAEO0yB","template":"field","title":"Background","type":"colorpicker-type","alias":"footer-background-color","values":"#EEEEEE","required":"Yes","requiredMessage":"Please enter a background color.","titleCaption":"","fieldCaption":"The background color of the footer.","separate":"","validationMessage":"","cssClass":"","validation":null},"26rfkBafuVPp":{"index":"26rfkBafuVPp","template":"field","title":"Image","type":"fileupload-type","alias":"footer-background-image","values":"","required":false,"requiredMessage":"","titleCaption":"","fieldCaption":"Optional background image.","validation":null,"separate":"","validationMessage":"","cssClass":""},"IGoQxwGcfWaF":{"index":"IGoQxwGcfWaF","template":"field","title":"","type":"radio-buttons-image","alias":"footer-background-image-pos-x","values":"left=>..\/wp-content\/themes\/liftoff\/assets\/images\/align-left.png\\r\\ncenter=>..\/wp-content\/themes\/liftoff\/assets\/images\/align-center.png\\r\\nright=>..\/wp-content\/themes\/liftoff\/assets\/images\/align-right.png\\r\\n","required":false,"requiredMessage":"","titleCaption":"","fieldCaption":"Horizontal position of the background image.","validation":null,"image_size":"32","separate":"","validationMessage":"","cssClass":""},"PomdeRuE8hFz":{"index":"PomdeRuE8hFz","template":"field","title":"","type":"radio-buttons-image","alias":"footer-background-image-pos-y","values":"top=>..\/wp-content\/themes\/liftoff\/assets\/images\/align-top.png\\r\\ncenter=>..\/wp-content\/themes\/liftoff\/assets\/images\/align-middle.png\\r\\nbottom=>..\/wp-content\/themes\/liftoff\/assets\/images\/align-bottom.png\\r\\n","required":false,"requiredMessage":"","titleCaption":"","fieldCaption":"Vertical position of the background image.","validation":null,"image_size":"32","separate":"","validationMessage":"","cssClass":""},"ZacMgI0Ha1E8":{"index":"ZacMgI0Ha1E8","template":"field","title":"","type":"select-type","alias":"footer-background-image-repeat","values":"no-repeat=>No Repeat\\r\\nrepeat=>Repeat\\r\\nrepeat-x=>Repeat Horizontal (repeat-x)\\r\\nrepeat-y=>Repeat Vertical (repeat-y)\\r\\nfixed=>Fixed position\\r\\n","required":null,"requiredMessage":"","titleCaption":"","fieldCaption":"Background image repeat.","validation":null,"separate":"","validationMessage":"","cssClass":""}}}