<wpml-config>
    <custom-fields>
        <custom-field action="copy">_alt_link</custom-field>
        <custom-field action="copy">_title_bar_image</custom-field>
        <custom-field action="copy">_subtitle</custom-field>
        <custom-field action="copy">_button_url</custom-field>
        <custom-field action="copy">_button_text</custom-field>
        <custom-field action="copy">_www</custom-field>
        <custom-field action="copy">_custom_1</custom-field>
        <custom-field action="copy">_custom_2</custom-field>
        <custom-field action="copy">_custom_3</custom-field>
        <custom-field action="copy">_custom_4</custom-field>
        <custom-field action="copy">_custom_5</custom-field>
        <custom-field action="copy">_images_n_videos</custom-field>
    </custom-fields>
    <custom-types>
        <custom-type translate="1">work</custom-type>
        <custom-type translate="1">gallery</custom-type>
    </custom-types>    
    <taxonomies>
        <taxonomy translate="1">genre</taxonomy>
        <taxonomy translate="1">kind</taxonomy>
    </taxonomies>
    <admin-texts>
        <key name="fame_appearance">
            <key name="body_image" />
			<key name="preloader_text" />
            <key name="logo_image" />
            <key name="logo_image_high_dpi" />
            <key name="logo_image_high_dpi_sizes" />
            <key name="logo_text" />
            <key name="top_bar_title" />
            <key name="top_bar_text" />
            <key name="top_bar_cookie_text" />
            <key name="header_bg_image" />
            <key name="title_bar_image" />
            <key name="footer_lower_bg_image" />
            <key name="footer_image_1" />
            <key name="footer_image_2" />
            <key name="footer_image_3" />
            <key name="footer_text" />
        </key>
        <key name="fame_cpt_work">
            <key name="works_list_title" />
        </key>
        <key name="fame_cpt_gallery">
            <key name="galleries_list_title" />
        </key>
        <key name="fame_contact">
            <key name="contact_ll" />
            <key name="contact_title" />
            <key name="contact_content" />
        </key>
    </admin-texts>
    <language-switcher-settings>
        <key name="icl_language_switcher_sidebar">0</key>
        <key name="icl_widget_title_show">0</key>
        <key name="icl_lang_sel_type">dropdown</key>
        <key name="icl_lso_link_empty">0</key>
        <key name="icl_lso_flags">0</key>
        <key name="icl_lso_native_lang">1</key>
        <key name="icl_lso_display_lang">1</key>
        <key name="icl_lang_sel_footer">0</key>
        <key name="icl_post_availability">0</key>
        <key name="icl_post_availability_position">below</key>
        <key name="icl_post_availability_text">This page is also available in: %s</key>
    </language-switcher-settings>    
</wpml-config>


