{"last_tab":"1","tb_responsive":"1","tb_less":"1","tb_layout":"wide","tb_background":{"background-color":"#ffffff","background-repeat":"","background-size":"","background-attachment":"","background-position":"","background-image":"","media":{"id":"","height":"","width":"","thumbnail":""}},"tb_favicon_image":{"url":"http://dev.themebears.com/aqua/wp-content/uploads/2015/04/aqua-logo.png","id":"4807","height":"84","width":"80","thumbnail":"http://dev.themebears.com/aqua/wp-content/uploads/2015/04/aqua-logo.png"},"tb_logo_image":{"url":"http://dev.themebears.com/aqua/wp-content/themes/aqua/assets/images/logo.png","id":"","height":"","width":"","thumbnail":""},"tb_logo_mbmenu":{"url":"http://dev.themebears.com/aqua/wp-content/themes/aqua/assets/images/aqua-brand3.png","id":"","height":"","width":"","thumbnail":""},"tb_header_layout":"v1","tb_header_top_widget":"1","tb_stick_header":"0","tb_menu_font_size_firts_level":{"font-family":"Roboto Slab","font-options":"","google":"1","font-weight":"400","font-style":"","text-align":"","font-size":"14px","line-height":"28.8px"},"tb_menu_font_size_sub_level":{"font-family":"Roboto Slab","font-options":"","google":"1","font-weight":"400","font-style":"","text-align":"","font-size":"13px","line-height":"60px"},"tb_display_footer":"1","tb_footer_bg":{"background-color":"#222222","background-repeat":"","background-size":"","background-attachment":"","background-position":"","background-image":"","media":{"id":"","height":"","width":"","thumbnail":""}},"tb_footer_margin":{"margin-top":"0","margin-right":"0","margin-bottom":"0","margin-left":"0","units":"px"},"tb_footer_padding":{"padding-top":"0","padding-right":"0","padding-bottom":"0","padding-left":"0","units":"px"},"tb_footer_top_margin":{"margin-top":"0","margin-right":"0","margin-bottom":"0","margin-left":"0","units":"px"},"tb_footer_top_padding":{"padding-top":"40px","padding-right":"0","padding-bottom":"40px","padding-left":"0","units":"px"},"tb_footer_top_column":"4","tb_footer_top_col1":"col-xs-12 col-sm-7 col-md-3 col-lg-3","tb_footer_top_col2":"col-xs-12 col-sm-5 col-md-2 col-lg-2","tb_footer_top_col3":"col-xs-12 col-sm-5 col-md-2 col-lg-2","tb_footer_top_col4":"col-xs-12 col-sm-7 col-md-5 col-lg-5 tb-col4","tb_footer_top_col4_border_left":{"border-top":"1px","border-right":"1px","border-bottom":"1px","border-left":"1px","border-style":"solid","border-color":"#999999"},"tb_footer_bottom_margin":{"margin-top":"0","margin-right":"0","margin-bottom":"0","margin-left":"0","units":"px"},"tb_footer_bottom_padding":{"padding-top":"20px","padding-right":"0","padding-bottom":"20px","padding-left":"0","units":"px"},"tb_footer_bottom_border_top":{"border-top":"1px","border-right":"1px","border-bottom":"1px","border-left":"1px","border-style":"solid","border-color":"#999999"},"tb_footer_bottom_column":"1","tb_footer_bottom_col1":"col-xs-12 col-sm-12 col-md-12 col-lg-12","tb_footer_bottom_col2":"col-xs-12 col-sm-6 col-md-6 col-lg-6","tb_footer_white_bg":{"background-color":"#ffffff","background-repeat":"","background-size":"","background-attachment":"","background-position":"","background-image":"","media":{"id":"","height":"","width":"","thumbnail":""}},"tb_footer_top_white_border_left":{"border-top":"1px","border-right":"0","border-bottom":"0","border-left":"0","border-style":"solid","border-color":"#999999"},"tb_footer_bottom_white_border_top":{"border-top":"1px","border-right":"0","border-bottom":"0","border-left":"0","border-style":"solid","border-color":"#999999"},"tb_footer_white_heading_color":"#444444","tb_footer_white_link_color":{"regular":false,"hover":false,"active":false},"tb_footer_white_text_color":"#444444","tb_primary_color":"#84c340","tb_main_menu_color_level1":{"regular":"#444444","hover":"#444444","active":false},"tb_main_menu_font_color_sub_level":{"regular":"#ffffff","hover":"#84c340","active":false},"tb_main_menu_bg_sub_level":{"background-color":"#000000"},"tb_main_menu_separator_color_sub_level":"#444444","tb_header_bg_color":{"color":false,"alpha":false,"rgba":false},"tb_title_bar_heading_color":"#555555","tb_title_bar_link_color":{"regular":"#84c340","hover":"#8dc155","active":false},"tb_title_bar_text_color":"#555555","tb_footer_heading_color":"#ffffff","tb_footer_link_color":{"regular":"#ffffff","hover":"#ffffff","active":false},"tb_footer_text_color":"#aaaaaa","tb_body_font":{"font-family":"Josefin Sans","font-options":"","google":"1","font-backup":"","font-weight":"600","font-style":"","subsets":"","text-align":"","font-size":"16px","line-height":"28.8px","color":"#444"},"tb_h1_font":{"font-family":"Roboto Slab","font-options":"","google":"1","font-backup":"","font-weight":"400","font-style":"","subsets":"","text-align":"","font-size":"42px","line-height":"46.2px","letter-spacing":"1.6px","color":"#666"},"tb_h2_font":{"font-family":"Roboto Slab","font-options":"","google":"1","font-backup":"","font-weight":"400","font-style":"","subsets":"","text-align":"","font-size":"36px","line-height":"39.6px","letter-spacing":"1.6px","color":"#666"},"tb_h3_font":{"font-family":"Roboto Slab","font-options":"","google":"1","font-backup":"","font-weight":"400","font-style":"","subsets":"","text-align":"","font-size":"24px","line-height":"26.4px","letter-spacing":"1.6px","color":"#666"},"tb_h4_font":{"font-family":"Roboto Slab","font-options":"","google":"1","font-backup":"","font-weight":"400","font-style":"","subsets":"","text-align":"","font-size":"18px","line-height":"19.8px","letter-spacing":"1.6px","color":"#666"},"tb_h5_font":{"font-family":"Roboto Slab","font-options":"","google":"1","font-backup":"","font-weight":"400","font-style":"","subsets":"","text-align":"","font-size":"16px","line-height":"17.6px","letter-spacing":"1.6px","color":"#666"},"tb_h6_font":{"font-family":"Roboto Slab","font-options":"","google":"1","font-backup":"","font-weight":"400","font-style":"","subsets":"","text-align":"","font-size":"14px","line-height":"15.4px","letter-spacing":"1.6px","color":"#666"},"tb_title_bar_layout":"tpl1","tb_title_bar_bg":{"background-color":"#e5e5e5","background-repeat":"","background-size":"","background-attachment":"","background-position":"","background-image":"","media":{"id":"","height":"","width":"","thumbnail":""}},"tb_title_bar_margin":{"margin-top":"0","margin-right":"0","margin-bottom":"50px","margin-left":"0","units":"px"},"tb_title_bar_padding":{"padding-top":"40px","padding-right":"0","padding-bottom":"40px","padding-left":"0","units":"px"},"tb_page_breadcrumb_delimiter":"/","tb_post_show_page_title":"0","tb_post_show_page_breadcrumb":"0","tb_blog_layout":"2cr","tb_blog_column":"2","tb_blog_image_default":{"url":"http://dev.themebears.com/aqua/wp-content/themes/aqua/assets/images/post_default.jpg","id":"","height":"","width":"","thumbnail":""},"tb_blog_crop_image":"1","tb_blog_image_width":"600","tb_blog_image_height":"400","tb_blog_show_post_title":"1","tb_blog_show_post_info":"1","tb_blog_show_post_desc":"1","tb_blog_post_excerpt_leng":"20","tb_blog_post_excerpt_more":"...","tb_post_layout":"2cr","tb_post_crop_image":"1","tb_post_image_width":"800","tb_post_image_height":"400","tb_post_show_post_title":"1","tb_post_show_social_share":"","tb_post_show_post_info":"1","tb_post_show_post_nav":"1","tb_post_show_post_tags":"1","tb_post_show_post_author":"1","tb_post_show_post_comment":"1","tb_post_show_post_related":"","tb_page_show_page_title":"1","tb_page_show_page_breadcrumb":"1","tb_page_show_page_comment":"0","tb_show_page_title_shop":"1","tb_show_page_breadcrumb_shop":"1","tb_archive_sidebar_pos_shop":"tb-sidebar-right","tb_archive_show_result_count":"1","tb_archive_show_catalog_ordering":"1","tb_archive_show_pagination_shop":"1","tb_archive_show_title_product":"1","tb_archive_show_price_product":"1","tb_archive_show_rating_product":"1","tb_archive_show_sale_flash_product":"1","tb_archive_show_add_to_cart_product":"1","tb_single_sidebar_pos_shop":"tb-sidebar-right","tb_single_show_title_product":"1","tb_single_show_price_product":"1","tb_single_show_rating_product":"1","tb_single_show_sale_flash_product":"1","tb_single_show_excerpt":"1","tb_single_show_add_to_cart_product":"1","tb_single_show_meta":"1","tb_single_show_data_tabs":"1","tb_single_show_upsell_display":"1","tb_single_show_related_products":"1","tb_font_awesome":"1","tb_font_ionicons":"1","custom_css_code":"                                    ","tb_import_export":"","redux-backup":1}