[{"tbtheme-right-sidebar":["text-7","tb_post_list-2","text-8"],"tbtheme-left-sidebar":["search-2","recent-posts-2","recent-comments-2","archives-2","categories-2","meta-2"],"tbtheme-single-basic":["text-9"],"tbtheme-footer-top-widget":["text-2"],"tbtheme-footer-top-widget-2":["text-3"],"tbtheme-footer-top-widget-3":["text-5"],"tbtheme-footer-top-widget-4":["newsletterwidget-2","tb_social_widget-2"],"tbtheme-footer-bottom-widget":["text-4"],"tbtheme-header-shop-top-widget-2":["widget_mini_cart-2"],"tbtheme-header-shop-widget":["text-6"],"tbtheme-header-shop-widget-2":["tb_woo_ordering_widget-2","woocs_selector-2","woocs_selector-3"],"tbtheme-custom-widget":["text-10"]},{"text":{"7":{"title":"Services","text":"<ul class=\"service-list\">\r\n    <li><a href=\"#\">Full Body Massage (78$)<\/a><\/li>\r\n     <li><a href=\"#\">Body Polish (-20%) <\/a><\/li>\r\n     <li><a href=\"#\">Massages Foot (-30%)<\/a><\/li>\r\n     <li><a href=\"#\">Sea Mud Wrap (68$)<\/a><\/li>\r\n     <li><a href=\"#\">Hot Stone Massage (73$)<\/a><\/li>\r\n     <li><a href=\"#\">Delux Seated Massage (78$)<\/a><\/li>\r\n<\/ul>","filter":false},"8":{"title":"Contact","text":"<table class=\"ro-blog-side-contact\">\r\n  <tbody>\r\n     <tr>\r\n          <th>Email:<\/th>\r\n          <td>Business@bluecadet.com<\/td>\r\n      <\/tr>\r\n      <tr>\r\n          <th><\/th>\r\n          <td>AQUAspa.@domain<\/td>\r\n      <\/tr>\r\n      <tr>\r\n           <th>Hotline:<\/th>\r\n           <td>123.645.87 \/ 028.299.024<\/td>\r\n      <\/tr>\r\n       <tr>\r\n             <th>Add:<\/th>\r\n             <td>1234 Frankford ave<\/td>\r\n       <\/tr>\r\n       <tr>\r\n              <th><\/th>\r\n              <td>Philadelphia, PA 12457<\/td>\r\n       <\/tr>\r\n  <\/tbody>\r\n<\/table>","filter":false},"9":{"title":"","text":"<div class=\"ro-post-relate\">\r\n<a href=\"#\">\r\n<img class=\"img-responsive\" alt=\"blog image\" src=\"http:\/\/dev.themebears.com\/aqua\/wp-content\/uploads\/2015\/05\/blog15.jpg\">\r\n<\/a>\r\n<div class=\"ro-post-relate-text\"><\/div>\r\n<p>When you have once seen the glow of happiness on the face of a beloved person, you know that a man can have no vocation but to awaken that light on the faces surrounding him.<\/p>\r\n<\/div>","filter":false},"2":{"title":"New Business","text":"Business@bluecadet.com \/ <br>\r\nhello.domain.com<br>\r\n123.645.87 \/ 028.299.024<br>\r\n<a class=\"btn ro-btn-bd-1\" href=\"#\">WANT TO SUBCRIBLE US ?<\/a>","filter":false},"3":{"title":"Our Dress","text":"1234 Frankford ave <br>\r\nPhiladelphia, PA 12457<br><br>\r\n<a class=\"btn ro-btn-bd-1\" href=\"#\">CAREERS<\/a>","filter":false},"5":{"title":"Opentime","text":"<p>8:00am -11:30am<\/p>\r\n<p>2:00pm-5:30pm<\/p>\r\n<p>7:00pm-10:00pm<\/p>\r\n","filter":false},"4":{"title":"","text":"<h6 class=\"text-center\">\u00a9 2015 AQUA SPA AND BEAUTY. DESIGNED BY THEMEROYAL<\/h6>","filter":false},"6":{"title":"","text":"<strong>Hotline: <\/strong><strong class=\"primary_color\">0123 456 789<\/strong>\r\n","filter":false},"10":{"title":"","text":"<a href=\"http:\/\/dev.themebears.com\/aqua\/?page_id=4987\">\r\n<img class=\"ro-brand\" alt=\"aqua spa\" src=\"http:\/\/dev.themebears.com\/aqua\/wp-content\/uploads\/2015\/07\/aqua-brand2.png\">\r\n<\/a>","filter":false},"_multiwidget":1},"tb_post_list":{"2":{"title":"Latest Post","post_type":"post","category":"3,2","portfolio_category":"","post_style":"style1","portfolio_style":"style1","posts_per_page":"5","orderby":"date","order":"desc","el_class":""},"_multiwidget":1},"search":{"2":{"title":""},"_multiwidget":1},"recent-posts":{"2":{"title":"","number":5},"_multiwidget":1},"recent-comments":{"2":{"title":"","number":5},"_multiwidget":1},"archives":{"2":{"title":"","count":0,"dropdown":0},"_multiwidget":1},"categories":{"2":{"title":"","count":0,"hierarchical":0,"dropdown":0},"_multiwidget":1},"meta":{"2":{"title":""},"_multiwidget":1},"newsletterwidget":{"2":{"title":"Newstetter Singup","text":""},"_multiwidget":1},"tb_social_widget":{"2":{"title_social_1":"Facebook","icon_social_1":"fa fa-facebook","link_social_1":"#","title_social_2":"Twitter","icon_social_2":"fa fa-twitter","link_social_2":"#","title_social_3":"Google Plus","icon_social_3":"fa fa-google-plus","link_social_3":"#","title_social_4":"Stumbleupon","icon_social_4":"fa fa-stumbleupon","link_social_4":"#","title_social_5":"Tumblr","icon_social_5":"fa fa-tumblr","link_social_5":"#","show_tooltip":null,"tooltip_pos":"top","extra_class":"text-right","title_social_6":"Vimeo","icon_social_6":"icon-vimeo","link_social_6":"#","title_social_7":"Pinterest","icon_social_7":"icon-pinterest","link_social_7":"#","title_social_8":"Dribbble","icon_social_8":"icon-dribbble","link_social_8":"#","title_social_9":"Instagrem","icon_social_9":"icon-instagrem","link_social_9":"#","title_social_10":"","icon_social_10":"","link_social_10":""},"_multiwidget":1},"widget_mini_cart":{"2":{"title":""},"_multiwidget":1},"tb_woo_ordering_widget":{"2":{"extra_class":"","title":""},"_multiwidget":1},"woocs_selector":{"2":{"title":"","show_flags":null,"width":"","flag_position":"right"},"3":{"title":"","show_flags":null,"width":"","flag_position":"right"},"_multiwidget":1}}]