<wpml-config>
    <admin-texts>
        <key name="samba_theme_options">
            <key name="bar_left_text" />
            <key name="contact-right_header" />
            <key name="footer_text" />
            <key name="contact-info_title_body" />
            <key name="contact-body" />
            <key name="contact-info_title" />
            <key name="contact-info_title_form" />
            <key name="contact-info_tel_h" />
            <key name="contact-address" />
            <key name="contact-info_tel" />
            <key name="contact-info_fax_h" />
            <key name="contact-info_fax" />
            <key name="contact-info_email_h" />
            <key name="contact-info_email" />
        </key>
    </admin-texts>
    <custom-types>
        <custom-type translate="1">pirenko_team_member</custom-type>
        <custom-type translate="1">pirenko_slides</custom-type>
        <custom-type translate="1">pirenko_portfolios</custom-type>
    </custom-types>
    <taxonomies>
        <taxonomy translate="1">pirenko_slide_set</taxonomy>
        <taxonomy translate="1">pirenko_member_group</taxonomy>
        <taxonomy translate="1">pirenko_skills</taxonomy>
        <taxonomy translate="1">portfolio_tag</taxonomy>
    </taxonomies>  
</wpml-config>